post_num,shortcode,links,img_url,timestamp,num_comments,num_likes,caption
29,BiNLYRtnyvoQNyMtRDOqndN1mqhf-mlRtaotzo0,https://www.instagram.com/p/BiNLYRtnyvoQNyMtRDOqndN1mqhf-mlRtaotzo0/?taken-by=mohamad_ali_lebaschi,https://scontent-frx5-1.cdninstagram.com/vp/4b316bc3c0be17eac85bb344a28dc5f1/5CA249EF/t51.2885-15/e35/30856293_574955556208145_2705739438389985280_n.jpg,1525115592,10,130,
28,BhyixebABa2fZSidVTUF7-wd9ayIQYiIcty-Bo0,https://www.instagram.com/p/BhyixebABa2fZSidVTUF7-wd9ayIQYiIcty-Bo0/?taken-by=mohamad_ali_lebaschi,https://scontent-frx5-1.cdninstagram.com/vp/121a3445fc2846c98f0e4cf3903444d1/5CA39DA4/t51.2885-15/e35/30855556_160455154650176_953200994152349696_n.jpg,1524221888,6,112,
27,BhGAN8DFX-08iOYaxwpel2qCGbEpWTuwrpYZYI0,https://www.instagram.com/p/BhGAN8DFX-08iOYaxwpel2qCGbEpWTuwrpYZYI0/?taken-by=mohamad_ali_lebaschi,https://scontent-frx5-1.cdninstagram.com/vp/12222e7e244e392c879a7b7e71ebceb3/5CAD1353/t51.2885-15/e35/29402349_206116739989579_6476566595081601024_n.jpg,1522727376,3,116,
26,BSqj3aTlTEZSpthi7twaKaXT3YoL_TiYg8FpKQ0,https://www.instagram.com/p/BSqj3aTlTEZSpthi7twaKaXT3YoL_TiYg8FpKQ0/?taken-by=mohamad_ali_lebaschi,https://scontent-frx5-1.cdninstagram.com/vp/eddedd90a0ad61728703f58027756781/5CA49A64/t51.2885-15/e15/17662357_338823863186627_9151689273202704384_n.jpg,1491741771,3,106,
25,BSCXf6YlWpvdrGnPk9xBixdZleqmzzDQEP-wdk0,https://www.instagram.com/p/BSCXf6YlWpvdrGnPk9xBixdZleqmzzDQEP-wdk0/?taken-by=mohamad_ali_lebaschi,https://scontent-frx5-1.cdninstagram.com/vp/18f6ccd10e428865ece4f686e143a8d2/5C8B838D/t51.2885-15/e15/17438639_282050005557612_9035983189255913472_n.jpg,1490393109,0,109,
24,BSCWpFclssZhZd4JBGN8sa4oJX-R-wn9hG2mkM0,https://www.instagram.com/p/BSCWpFclssZhZd4JBGN8sa4oJX-R-wn9hG2mkM0/?taken-by=mohamad_ali_lebaschi,https://scontent-frx5-1.cdninstagram.com/vp/42fb4ff0025a88b06098d9bb113b8d0e/5C9895AD/t51.2885-15/fr/e15/s1080x1080/17495245_248470732290502_624041516700008448_n.jpg,1490392660,1,102,حس خوب
23,BQqjV0KlQ53AtSvoaBruYVefWANEnPWqusMTYw0,https://www.instagram.com/p/BQqjV0KlQ53AtSvoaBruYVefWANEnPWqusMTYw0/?taken-by=mohamad_ali_lebaschi,https://scontent-frx5-1.cdninstagram.com/vp/8e405c87b81e069698e60e846c2141f3/5CAFE27B/t51.2885-15/fr/e15/s1080x1080/16585236_120700761784589_1596176032363184128_n.jpg,1487446528,1,77,بندر امام خمینی
22,BMYRvNBh4dMBOQ8VdPFiRTTlHQH3TWCXNVuJEM0,https://www.instagram.com/p/BMYRvNBh4dMBOQ8VdPFiRTTlHQH3TWCXNVuJEM0/?taken-by=mohamad_ali_lebaschi,https://scontent-frx5-1.cdninstagram.com/vp/36d8190880a1fe539e25f5aed49f83eb/5CA866DB/t51.2885-15/e35/14128737_208432709580543_9065498780039643136_n.jpg,1478243384,0,80,
21,BMYJwMnB96SnwXYtt3VMCd5_wjjuLIrF_QRyss0,https://www.instagram.com/p/BMYJwMnB96SnwXYtt3VMCd5_wjjuLIrF_QRyss0/?taken-by=mohamad_ali_lebaschi,https://scontent-frx5-1.cdninstagram.com/vp/364343e6fc6bfae5448d6692c0a2a56b/5C9486BE/t51.2885-15/e35/14719609_1406207786086698_6834074926861778944_n.jpg,1478239198,0,89,
20,BMXKxQdBGCA4WPxDAehzzyXGjpzzHrUz2ej2c00,https://www.instagram.com/p/BMXKxQdBGCA4WPxDAehzzyXGjpzzHrUz2ej2c00/?taken-by=mohamad_ali_lebaschi,https://scontent-frx5-1.cdninstagram.com/vp/2bd700ea50696cf7f860cf5c7ad29ba8/5CA8C88B/t51.2885-15/e35/14723004_1630536897243634_2980976249981108224_n.jpg,1478206177,2,85,
19,BLensdeBj0pYhLREbmYPsu26SKw9_8XxUpVcaY0,https://www.instagram.com/p/BLensdeBj0pYhLREbmYPsu26SKw9_8XxUpVcaY0/?taken-by=mohamad_ali_lebaschi,https://scontent-frx5-1.cdninstagram.com/vp/b26c58af35958d4fb86d0e95d711e112/5CA36A99/t51.2885-15/e35/14624756_1825544337692732_3726251537962369024_n.jpg,1476308739,2,107,
18,BLWtU8jhVBvDoPxZQlFoBJW6fEg-w6FDddNjgQ0,https://www.instagram.com/p/BLWtU8jhVBvDoPxZQlFoBJW6fEg-w6FDddNjgQ0/?taken-by=mohamad_ali_lebaschi,https://scontent-frx5-1.cdninstagram.com/vp/68afec5046a5ff08c6c25b5f7928be8d/5CA9A774/t51.2885-15/e35/14591070_203645780058021_9122849508407902208_n.jpg,1476043257,3,98,
17,BKsbVEThZM-KZiJoZv9KaZ3zfT4SunukGLiFgo0,https://www.instagram.com/p/BKsbVEThZM-KZiJoZv9KaZ3zfT4SunukGLiFgo0/?taken-by=mohamad_ali_lebaschi,https://scontent-frx5-1.cdninstagram.com/vp/0e708707e47f2b722728f43234bb22d7/5CAC86FC/t51.2885-15/e35/14310676_730688913737315_5588228841278537728_n.jpg,1474624535,5,92,
16,BJkBo5ejNiEU3gI2qFWfj9Dnu7LpKCmfRqNi340,https://www.instagram.com/p/BJkBo5ejNiEU3gI2qFWfj9Dnu7LpKCmfRqNi340/?taken-by=mohamad_ali_lebaschi,https://scontent-frx5-1.cdninstagram.com/vp/1fc656da8dcb1c9d0c81e9a06df43ced/5C957D12/t51.2885-15/e35/14052410_1932813666945598_1431758678_n.jpg,1472195146,1,89,
15,BE-tZECIa2AKpHRylwK5Gi8qDI8Ix2hLYLO3uc0,https://www.instagram.com/p/BE-tZECIa2AKpHRylwK5Gi8qDI8Ix2hLYLO3uc0/?taken-by=mohamad_ali_lebaschi,https://scontent-frx5-1.cdninstagram.com/vp/ab2a69f7bb57e2cad0e830a3e3f38099/5C90CEB9/t51.2885-15/e35/13166685_1604641283195474_830124432_n.jpg,1462353082,0,54,
14,BEloSw-Ia1Qqb5vSR0B4DQ3OrA2zwmjLkumjss0,https://www.instagram.com/p/BEloSw-Ia1Qqb5vSR0B4DQ3OrA2zwmjLkumjss0/?taken-by=mohamad_ali_lebaschi,https://scontent-frx5-1.cdninstagram.com/vp/753456bcc05cbb76b90ef72a4129fb21/5C8D0DDC/t51.2885-15/e35/12976340_1155295517828288_1089831530_n.jpg,1461511548,0,53,
13,BEMa9LLIa0s85msqPGneSZYEohKQGa7lSPEGEE0,https://www.instagram.com/p/BEMa9LLIa0s85msqPGneSZYEohKQGa7lSPEGEE0/?taken-by=mohamad_ali_lebaschi,https://scontent-frx5-1.cdninstagram.com/vp/7699981c614629e7cf2d76bc83905860/5CA7D886/t51.2885-15/e35/12912291_224236581278113_551922905_n.jpg,1460665695,6,72,
12,BD-3qHMoa1fLR_lwo4Ax34N5T8cFVPC02CB-J00,https://www.instagram.com/p/BD-3qHMoa1fLR_lwo4Ax34N5T8cFVPC02CB-J00/?taken-by=mohamad_ali_lebaschi,https://scontent-frx5-1.cdninstagram.com/vp/f4bbd71bdb5a3dea1d7acb7751ec5f99/5CAC7CEA/t51.2885-15/e35/12917867_1543625435932358_1514631191_n.jpg,1460210981,0,70,
11,BD-3hqqIa1A7ed6PSkQ15AcUEwqC4s7CgI49340,https://www.instagram.com/p/BD-3hqqIa1A7ed6PSkQ15AcUEwqC4s7CgI49340/?taken-by=mohamad_ali_lebaschi,https://scontent-frx5-1.cdninstagram.com/vp/29ed732c4138696df0c8938d7599b712/5CA73B95/t51.2885-15/e35/12917867_1707539376190117_211616986_n.jpg,1460210912,4,58,
10,BD8Esqeoa60u4pA27oEKsf3uHMovJfBT33gLDs0,https://www.instagram.com/p/BD8Esqeoa60u4pA27oEKsf3uHMovJfBT33gLDs0/?taken-by=mohamad_ali_lebaschi,https://scontent-frx5-1.cdninstagram.com/vp/2bed316d077cc30a9719ffd2c8bf4eeb/5C98EA3B/t51.2885-15/e35/12599162_840856276044080_72498631_n.jpg,1460117154,0,67,
9,BDqdO7oIa47aCEQmQHvUWj0U1QBSQMw3xl_8qY0,https://www.instagram.com/p/BDqdO7oIa47aCEQmQHvUWj0U1QBSQMw3xl_8qY0/?taken-by=mohamad_ali_lebaschi,https://scontent-frx5-1.cdninstagram.com/vp/fcdc900486fe3192b57a62229a65d774/5C8C88A3/t51.2885-15/e35/12599305_1566187757007554_297709363_n.jpg,1459526038,9,71,ناهاره ١٣، اجاق باشي با جينگولوبونگولو
8,3X64l0Ia3APiU7kRd_RqjIzJKbuTpvxsv6R9g0,https://www.instagram.com/p/3X64l0Ia3APiU7kRd_RqjIzJKbuTpvxsv6R9g0/?taken-by=mohamad_ali_lebaschi,https://scontent-frx5-1.cdninstagram.com/vp/49b6a5259eee5cf3036eb24d4a8c3ccf/5C93FDB5/t51.2885-15/e15/11376250_1608639772708152_441058575_n.jpg,1433134246,0,43,
7,2p5J10Ia4mXl7C45p4b3HsBNEp8pzcGV-mffo0,https://www.instagram.com/p/2p5J10Ia4mXl7C45p4b3HsBNEp8pzcGV-mffo0/?taken-by=mohamad_ali_lebaschi,https://scontent-frx5-1.cdninstagram.com/vp/130f9c377577a84cd288802225a56002/5C9439F8/t51.2885-15/e15/11258168_541637302643490_1891629982_n.jpg,1431589835,3,47,
6,2p4_yZIa4gBG2JoWqYCVP5qwCpZEwpZjQBXOk0,https://www.instagram.com/p/2p4_yZIa4gBG2JoWqYCVP5qwCpZEwpZjQBXOk0/?taken-by=mohamad_ali_lebaschi,https://scontent-frx5-1.cdninstagram.com/vp/b53cd5d4707add63972b4398c4b20132/5CA4F089/t51.2885-15/e15/11235936_100254970312617_620594817_n.jpg,1431589753,3,43,
5,0tOGaZIaykJ9uglhtSuCnJCstcpneQpV43UkU0,https://www.instagram.com/p/0tOGaZIaykJ9uglhtSuCnJCstcpneQpV43UkU0/?taken-by=mohamad_ali_lebaschi,https://scontent-frx5-1.cdninstagram.com/vp/94b556107ccb9f3dbdf8ce0666d7d4d6/5CA28BF8/t51.2885-15/e15/11084880_729037307217418_670569464_n.jpg,1427406513,11,67,
4,0tMxCKoa_q844EG4dLZ3AUCBfZR9Gen4YRTOY0,https://www.instagram.com/p/0tMxCKoa_q844EG4dLZ3AUCBfZR9Gen4YRTOY0/?taken-by=mohamad_ali_lebaschi,https://scontent-frx5-1.cdninstagram.com/vp/d8b2e1174caca8526aa9bd769b3cc7b9/5CA9A027/t51.2885-15/e15/10946689_608855135916574_2025896234_n.jpg,1427405813,0,56,
3,zjfRT0Ia0LiVd7yPjwPgb6jreE3nslLmSAVRY0,https://www.instagram.com/p/zjfRT0Ia0LiVd7yPjwPgb6jreE3nslLmSAVRY0/?taken-by=mohamad_ali_lebaschi,https://scontent-frx5-1.cdninstagram.com/vp/3326bea474bbfad26ca7017ac18eea87/5C8DC15B/t51.2885-15/e15/10986262_1002606946417596_1881987007_n.jpg,1424932487,6,38,Bandar abbass
2,zVTTSooa8_SvHhixqfVoCGLFx7Wkm17CFUEOg0,https://www.instagram.com/p/zVTTSooa8_SvHhixqfVoCGLFx7Wkm17CFUEOg0/?taken-by=mohamad_ali_lebaschi,https://scontent-frx5-1.cdninstagram.com/vp/e558b0fe496cba6a0b43285263244db2/5C947FD8/t51.2885-15/e15/10958596_1560358504206639_988149023_n.jpg,1424456450,4,53,
1,qs1l0Zoa-tIxQEyYq60_d9-9FBiDW01IL_XEw0,https://www.instagram.com/p/qs1l0Zoa-tIxQEyYq60_d9-9FBiDW01IL_XEw0/?taken-by=mohamad_ali_lebaschi,https://scontent-frx5-1.cdninstagram.com/vp/04bd4eb34d6b6e81ba70d1d02a0c5e13/5CA3CCEC/t51.2885-15/e15/10554138_687422184665048_256705108_n.jpg,1405918827,0,15,
